training_steps,eval_mean_return,eval_std_return,eval_mean_episode_length,eval_successful_landing_rate,eval_successful_protocol_rate,eval_hover_complete_rate,eval_controlled_descent_rate,eval_mean_terminal_lunar_base_reward,eval_mean_terminal_monitor_reward,eval_task_failure_rate
50000,592.757093213024,218.62244906326342,281.94,0.92,0.78,1.0,1.0,87.99772371215847,72.5,0.22
100000,684.7141567085597,161.33703607008113,227.8,0.98,0.96,1.0,1.0,96.0,95.0,0.04
150000,710.8268567088551,18.102816247069924,248.82,1.0,1.0,1.0,1.0,100.0,100.0,0.0
200000,661.7515911944568,169.24733281829612,217.72,0.98,0.9,1.0,1.0,96.0,87.5,0.1
250000,712.8132235532382,17.890104732795404,241.46,1.0,1.0,1.0,1.0,100.0,100.0,0.0
300000,715.3479484258045,17.518757157718344,232.1,1.0,1.0,1.0,1.0,100.0,100.0,0.0
