training_steps,eval_mean_return,eval_std_return,eval_mean_episode_length,eval_successful_landing_rate,eval_successful_protocol_rate,eval_hover_complete_rate,eval_controlled_descent_rate,eval_mean_terminal_lunar_base_reward,eval_mean_terminal_monitor_reward,eval_task_failure_rate
50000,714.0056876179092,15.290529770204612,244.5,1.0,1.0,1.0,1.0,100.0,100.0,0.0
100000,703.431606030297,62.57589570541474,243.12,1.0,0.98,1.0,1.0,100.0,97.5,0.02
150000,709.1602285947492,20.721240599369946,265.42,1.0,1.0,1.0,1.0,100.0,100.0,0.0
200000,701.2253425390157,84.33967728572249,252.32,0.98,0.98,1.0,1.0,97.9975577461696,97.5,0.02
250000,692.0462575778528,105.53999045497599,257.6,0.98,0.96,1.0,1.0,97.99749370947379,95.0,0.04
300000,689.6304534256883,108.95156155822345,232.82,1.0,0.94,1.0,1.0,100.0,92.5,0.06
