training_steps,eval_mean_return,eval_std_return,eval_mean_episode_length,eval_successful_landing_rate,eval_successful_protocol_rate,eval_hover_complete_rate,eval_controlled_descent_rate,eval_mean_terminal_lunar_base_reward,eval_mean_terminal_monitor_reward,eval_task_failure_rate
50000,673.4212048641645,112.46957407210449,299.2,1.0,0.94,1.0,1.0,100.0,92.5,0.06
100000,694.234830187501,87.74583269014167,238.92,1.0,0.96,1.0,1.0,100.0,95.0,0.04
150000,698.3675236360137,25.638926125685327,320.58,1.0,1.0,1.0,1.0,100.0,100.0,0.0
200000,128.99557166873967,450.39326147437527,729.48,0.36,0.36,0.38,0.38,36.071030042351424,20.0,0.64
250000,707.9526966934454,21.160582607963683,268.4,1.0,1.0,1.0,1.0,100.0,100.0,0.0
300000,690.1450057803683,87.93805375082724,259.16,1.0,0.96,1.0,1.0,100.0,95.0,0.04
