training_steps,eval_mean_return,eval_std_return,eval_mean_episode_length,eval_successful_landing_rate,eval_successful_protocol_rate,eval_hover_complete_rate,eval_controlled_descent_rate,eval_mean_terminal_lunar_base_reward,eval_mean_terminal_monitor_reward,eval_task_failure_rate
50000,673.7171458848676,93.02877442084184,342.34,1.0,0.96,1.0,1.0,100.0,95.0,0.04
100000,680.2420938522669,108.31809203922738,263.04,1.0,0.94,1.0,1.0,100.0,92.5,0.06
150000,651.1258786979814,179.57863720227138,262.22,0.94,0.9,1.0,1.0,88.0,87.5,0.1
200000,659.6216504871257,132.73544177369197,271.58,1.0,0.9,1.0,1.0,100.0,87.5,0.1
250000,705.9956300533838,66.5886417561911,229.3,1.0,0.98,1.0,1.0,100.0,97.5,0.02
300000,682.9954975750442,105.96202557515618,243.98,1.0,0.94,1.0,1.0,100.0,92.5,0.06
