training_steps,eval_mean_return,eval_std_return,eval_mean_episode_length,eval_successful_landing_rate,eval_successful_protocol_rate,eval_hover_complete_rate,eval_controlled_descent_rate,eval_mean_terminal_lunar_base_reward,eval_mean_terminal_monitor_reward,eval_task_failure_rate
50000,652.2065034955015,166.41538767888312,273.5,0.96,0.88,1.0,1.0,96.0001376916339,85.0,0.12
100000,638.5682348829777,170.69466214824172,235.9,1.0,0.84,1.0,1.0,100.0,80.0,0.16
150000,705.7215459870428,67.43527274619677,233.18,1.0,0.98,1.0,1.0,100.0,97.5,0.02
200000,692.3255226995911,141.22094716649718,246.2,0.98,0.98,1.0,0.98,96.0,97.5,0.02
250000,686.1594751678098,114.13410830977521,232.02,1.0,0.94,1.0,1.0,100.0,92.5,0.06
300000,706.798658117241,66.01695614155796,220.16,1.0,0.98,1.0,1.0,100.0,97.5,0.02
