training_steps,eval_mean_return,eval_std_return,eval_mean_episode_length,eval_successful_landing_rate,eval_successful_protocol_rate,eval_hover_complete_rate,eval_controlled_descent_rate,eval_mean_terminal_lunar_base_reward,eval_mean_terminal_monitor_reward,eval_task_failure_rate
50000,-184.63536262362695,124.99594114167094,714.94,0.02,0.0,0.66,0.66,-69.97880075546645,-25.0,1.0
100000,-6.141516581421124,142.47759515336602,726.84,0.32,0.0,0.2,0.18,14.124846214476026,-25.0,1.0
150000,66.2982751413505,178.59805485874375,838.62,0.22,0.04,0.06,0.06,17.967476340792427,-20.0,0.96
200000,42.22402012960671,76.17864395222134,965.7,0.04,0.0,0.02,0.02,1.969631386693064,-25.0,1.0
250000,20.88310976721615,71.96056587711992,869.7,0.06,0.0,0.08,0.08,-6.028479822607402,-25.0,1.0
300000,94.60684100432594,107.4472068767444,818.88,0.3,0.02,0.16,0.16,27.728044441626963,-22.5,0.98
