training_steps,eval_mean_return,eval_std_return,eval_mean_episode_length,eval_successful_landing_rate,eval_successful_protocol_rate,eval_hover_complete_rate,eval_controlled_descent_rate,eval_mean_terminal_lunar_base_reward,eval_mean_terminal_monitor_reward,eval_task_failure_rate
50000,692.6418239377604,91.33460469851858,252.38,1.0,0.96,1.0,1.0,100.0,95.0,0.04
100000,429.9391109914218,362.47655736882257,640.7,0.76,0.7,0.8,0.8,75.94090210282162,62.5,0.3
150000,696.4318923663182,20.284920874388018,323.04,1.0,1.0,1.0,1.0,100.0,100.0,0.0
200000,636.6170733150065,183.0623054973503,335.42,0.98,0.9,0.98,0.98,96.0,87.5,0.1
250000,701.790978153519,22.558245705681117,307.8,1.0,1.0,1.0,1.0,100.0,100.0,0.0
300000,693.3361490700468,92.8475526368806,247.68,1.0,0.96,1.0,1.0,100.0,95.0,0.04
