training_steps,eval_mean_return,eval_std_return,eval_mean_episode_length,eval_successful_landing_rate,eval_successful_protocol_rate,eval_hover_complete_rate,eval_controlled_descent_rate,eval_mean_terminal_lunar_base_reward,eval_mean_terminal_monitor_reward,eval_task_failure_rate
50000,-314.04219145447814,26.181510427606266,1000.0,0.0,0.0,0.0,0.0,-0.42030030426835624,-25.0,1.0
100000,346.94227183922175,321.74508037621007,641.6,0.78,0.48,0.88,0.88,73.9800089278368,35.0,0.52
150000,318.8040642506389,290.69389445689734,542.3,0.68,0.4,1.0,1.0,52.060865969451804,25.0,0.6
200000,-203.2427004502473,187.96263576481462,936.4,0.08,0.02,0.16,0.16,4.061312446040034,-22.5,0.98
250000,-197.1956961436285,74.33577668301125,954.28,0.02,0.0,0.06,0.06,-2.306574640340338,-25.0,1.0
300000,223.16452976230386,306.7831987842232,832.96,0.54,0.34,1.0,1.0,41.930977538545804,17.5,0.66
