training_steps,eval_mean_return,eval_std_return,eval_mean_episode_length,eval_successful_landing_rate,eval_successful_protocol_rate,eval_hover_complete_rate,eval_controlled_descent_rate,eval_mean_terminal_lunar_base_reward,eval_mean_terminal_monitor_reward,eval_task_failure_rate
50000,-199.45711229504857,110.81848983703402,965.18,0.0,0.0,0.08,0.08,-4.615295457480011,-25.0,1.0
100000,129.19010002556035,178.68561830926046,860.86,0.18,0.08,0.98,0.98,12.140495595071288,-15.0,0.92
150000,105.4753622221717,169.2090735034586,871.62,0.08,0.06,1.0,1.0,-4.047911761442123,-17.5,0.94
200000,98.36286256926982,72.29473396115921,948.36,0.0,0.0,0.96,0.96,-6.008288659740544,-25.0,1.0
250000,-211.50634104416545,135.42706114535537,826.02,0.0,0.0,0.22,0.22,-20.081130809612617,-25.0,1.0
300000,-135.3493647955071,114.24182758329256,992.54,0.02,0.0,0.42,0.42,1.7596230535921245,-25.0,1.0
