training_steps,eval_mean_return,eval_std_return,eval_mean_episode_length,eval_successful_landing_rate,eval_successful_protocol_rate,eval_hover_complete_rate,eval_controlled_descent_rate,eval_mean_terminal_lunar_base_reward,eval_mean_terminal_monitor_reward,eval_task_failure_rate
50000,-460.9484845860345,167.90791765438982,268.7,0.02,0.02,0.02,0.02,-96.0,-22.5,0.98
100000,404.29751800592965,458.2752383578743,310.02,0.76,0.68,0.8,0.8,52.0,60.0,0.32
150000,621.6633852024114,132.27637832830726,628.24,0.96,0.96,1.0,1.0,96.00753369049231,95.0,0.04
200000,515.7946068523893,257.991696909531,383.64,0.92,0.68,1.0,0.98,87.99932574684043,60.0,0.32
250000,-175.99811978920488,152.95915730467274,967.28,0.06,0.02,0.06,0.06,5.848572796928441,-22.5,0.98
300000,691.2788149394526,89.43836353350373,267.96,1.0,0.96,1.0,1.0,100.0,95.0,0.04
